outer_fold,sources,min,median,mean,max,aria
0,47,7,19.0,18.06382978723404,28,Che gelida manina
1,22,8,11.0,12.863636363636363,38,E lucevan le stelle
2,52,2,12.0,11.653846153846153,31,Nessun dorma
3,65,2,19.0,18.93846153846154,46,Una furtiva lagrima
4,21,7,12.0,12.476190476190476,17,Vesti la giubba
5,20,8,10.0,11.25,36,La donna e mobile
